country,code,iso2,region,featured,aliases
Afghanistan,AFG,AF,Asia & Pacific,,
Albania,ALB,AL,Europe,,
Algeria,DZA,DZ,Africa,,
Angola,AGO,AO,Africa,,
Argentina,ARG,AR,Americas,,
Armenia,ARM,AM,Europe,,
Australia,AUS,AU,Asia & Pacific,yes,
Austria,AUT,AT,Europe,,
Azerbaijan,AZE,AZ,Europe,,
Bahamas,BHS,BS,Americas,,
Bahrain,BHR,BH,Middle East,,
Bangladesh,BGD,BD,Asia & Pacific,,
Barbados,BRB,BB,Americas,,
Belarus,BLR,BY,Europe,,
Belgium,BEL,BE,Europe,,
Belize,BLZ,BZ,Americas,,
Benin,BEN,BJ,Africa,,
Bhutan,BTN,BT,Asia & Pacific,,
Bolivia,BOL,BO,Americas,,
Bosnia and Herzegovina,BIH,BA,Europe,,Bosnia
Botswana,BWA,BW,Africa,,
Brazil,BRA,BR,Americas,,
Brunei,BRN,BN,Asia & Pacific,,
Bulgaria,BGR,BG,Europe,,
Burkina Faso,BFA,BF,Africa,,
Cambodia,KHM,KH,Asia & Pacific,,
Cameroon,CMR,CM,Africa,,
Canada,CAN,CA,Americas,yes,
Chad,TCD,TD,Africa,,
Chile,CHL,CL,Americas,,
China,CHN,CN,Asia & Pacific,yes,
Colombia,COL,CO,Americas,,
Comoros,COM,KM,Africa,,
Costa Rica,CRI,CR,Americas,,
Croatia,HRV,HR,Europe,,
Cuba,CUB,CU,Americas,,
Cyprus,CYP,CY,Europe,,
Czech Republic,CZE,CZ,Europe,,Czechia
DR Congo,COD,CD,Africa,,Democratic Republic of the Congo; Congo-Kinshasa; DRC
Denmark,DNK,DK,Europe,,
Djibouti,DJI,DJ,Africa,,
Dominica,DMA,DM,Americas,,
Dominican Republic,DOM,DO,Americas,,
Ecuador,ECU,EC,Americas,,
Egypt,EGY,EG,Africa,,
Equatorial Guinea,GNQ,GQ,Africa,,
Estonia,EST,EE,Europe,,
Ethiopia,ETH,ET,Africa,,
European Union,EU,,Europe,yes,EU; Schengen; Europe
Fiji,FJI,FJ,Asia & Pacific,,
Finland,FIN,FI,Europe,,
France,FRA,FR,Europe,,
Gabon,GAB,GA,Africa,,
Georgia,GEO,GE,Europe,,
Germany,DEU,DE,Europe,,
Ghana,GHA,GH,Africa,,
Greece,GRC,GR,Europe,,
Grenada,GRD,GD,Americas,,
Guatemala,GTM,GT,Americas,,
Guinea,GIN,GN,Africa,,
Guinea-Bissau,GNB,GW,Africa,,
Guyana,GUY,GY,Americas,,
Hong Kong,HKG,HK,Asia & Pacific,,HK
Hungary,HUN,HU,Europe,,
Iceland,ISL,IS,Europe,,
India,IND,IN,Asia & Pacific,yes,
Indonesia,IDN,ID,Asia & Pacific,,
Iran,IRN,IR,Middle East,,
Iraq,IRQ,IQ,Middle East,,
Ireland,IRL,IE,Europe,,
Israel,ISR,IL,Middle East,,
Italy,ITA,IT,Europe,,
Ivory Coast,CIV,CI,Africa,,Côte d'Ivoire; Cote d'Ivoire
Jamaica,JAM,JM,Americas,,
Japan,JPN,JP,Asia & Pacific,,
Jordan,JOR,JO,Middle East,,
Kazakhstan,KAZ,KZ,Asia & Pacific,,
Kenya,KEN,KE,Africa,,
Kuwait,KWT,KW,Middle East,,
Kyrgyzstan,KGZ,KG,Asia & Pacific,,
Laos,LAO,LA,Asia & Pacific,,Lao
Latvia,LVA,LV,Europe,,
Lebanon,LBN,LB,Middle East,,
Lesotho,LSO,LS,Africa,,
Liberia,LBR,LR,Africa,,
Libya,LBY,LY,Africa,,
Liechtenstein,LIE,LI,Europe,,
Lithuania,LTU,LT,Europe,,
Luxembourg,LUX,LU,Europe,,
Macau,MAC,MO,Asia & Pacific,,Macao
Madagascar,MDG,MG,Africa,,
Malawi,MWI,MW,Africa,,
Malaysia,MYS,MY,Asia & Pacific,,
Maldives,MDV,MV,Asia & Pacific,,
Malta,MLT,MT,Europe,,
Mauritania,MRT,MR,Africa,,
Mauritius,MUS,MU,Africa,,
Mexico,MEX,MX,Americas,,
Moldova,MDA,MD,Europe,,
Mongolia,MNG,MN,Asia & Pacific,,
Montenegro,MNE,ME,Europe,,
Morocco,MAR,MA,Africa,,
Mozambique,MOZ,MZ,Africa,,
Myanmar,MMR,MM,Asia & Pacific,,Burma
Namibia,NAM,NA,Africa,,
Nepal,NPL,NP,Asia & Pacific,,
Netherlands,NLD,NL,Europe,,Holland
New Zealand,NZL,NZ,Asia & Pacific,,
Nicaragua,NIC,NI,Americas,,
Niger,NER,NE,Africa,,
Nigeria,NGA,NG,Africa,,
North Macedonia,MKD,MK,Europe,,Macedonia
Norway,NOR,NO,Europe,,
Oman,OMN,OM,Middle East,,
Pakistan,PAK,PK,Asia & Pacific,,
Palestine,PSE,PS,Middle East,,Palestinian Territories
Panama,PAN,PA,Americas,,
Papua New Guinea,PNG,PG,Asia & Pacific,,
Paraguay,PRY,PY,Americas,,
Peru,PER,PE,Americas,,
Philippines,PHL,PH,Asia & Pacific,,
Poland,POL,PL,Europe,,
Portugal,PRT,PT,Europe,,
Qatar,QAT,QA,Middle East,,
Republic of the Congo,COG,CG,Africa,,Congo-Brazzaville; Congo
Romania,ROU,RO,Europe,,
Russia,RUS,RU,Europe,,Russian Federation
Rwanda,RWA,RW,Africa,,
Saint Kitts and Nevis,KNA,KN,Americas,,St Kitts; St Kitts and Nevis
Samoa,WSM,WS,Asia & Pacific,,
Saudi Arabia,SAU,SA,Middle East,,
Serbia,SRB,RS,Europe,,
Seychelles,SYC,SC,Africa,,
Sierra Leone,SLE,SL,Africa,,
Singapore,SGP,SG,Asia & Pacific,,
Slovakia,SVK,SK,Europe,,
Slovenia,SVN,SI,Europe,,
Somalia,SOM,SO,Africa,,
South Africa,ZAF,ZA,Africa,,
South Korea,KOR,KR,Asia & Pacific,,Korea; Republic of Korea
Spain,ESP,ES,Europe,,
Sri Lanka,LKA,LK,Asia & Pacific,,
Sudan,SDN,SD,Africa,,
Suriname,SUR,SR,Americas,,
Sweden,SWE,SE,Europe,,
Switzerland,CHE,CH,Europe,,
Syria,SYR,SY,Middle East,,
Taiwan,TWN,TW,Asia & Pacific,,
Tajikistan,TJK,TJ,Asia & Pacific,,
Tanzania,TZA,TZ,Africa,,
Thailand,THA,TH,Asia & Pacific,,
Togo,TGO,TG,Africa,,
Tunisia,TUN,TN,Africa,,
Turkmenistan,TKM,TM,Asia & Pacific,,
Türkiye,TUR,TR,Europe,,Turkey
Uganda,UGA,UG,Africa,,
Ukraine,UKR,UA,Europe,,
United Arab Emirates,ARE,AE,Middle East,,UAE; Dubai; Abu Dhabi; Emirates
United Kingdom,GBR,GB,Europe,yes,UK; Britain; Great Britain; England; Scotland; Wales
United States,USA,US,Americas,yes,USA; US; America
Uzbekistan,UZB,UZ,Asia & Pacific,,
Venezuela,VEN,VE,Americas,,
Vietnam,VNM,VN,Asia & Pacific,,
Yemen,YEM,YE,Middle East,,
Zambia,ZMB,ZM,Africa,,
Zimbabwe,ZWE,ZW,Africa,,
Any country,ANY,,Worldwide,,Generic; Standard sizes
