id,country,region,featured,document,badge,width,height,unit,head_min_%,head_max_%,top_gap_%,eye_min_%,eye_max_%,background,file_kb_min,file_kb_max,upload_only,note,source
USA,United States,Americas,yes,Passport,,2,2,in,50,69,,56,69,"White, Off-white",,,,"Glasses are not allowed. The same 2x2in print is used for a Green Card, naturalisation and most USCIS forms.",
USA-VISA,United States,Americas,,Visa (DS-160 upload),,600,600,px,50,69,,56,69,"White, Off-white",,240,yes,"A square JPEG of 600–1200px, under 240KB. Glasses are not allowed.",
USA-DV,United States,Americas,,DV Lottery,,600,600,px,50,69,,56,69,White,,240,yes,"Exactly 600x600px, JPEG, under 240KB.",
CAN,Canada,Americas,yes,Passport,,50,70,mm,44,51,,,,"White, Light grey",,,,"The face must measure 31–36mm chin to crown, so the head sits smaller in frame than most countries.",
CAN-PR,Canada,Americas,,Permanent Resident card,,50,70,mm,44,51,,,,"White, Light grey",,,,The face must measure 31–36mm chin to crown. Same size as the passport photo.,
CAN-VISA,Canada,Americas,,Visa,,35,45,mm,69,80,,,,"White, Light grey",,,,"Visitor visas, study and work permits. The face must measure 31–36mm chin to crown.",
MEX,Mexico,Americas,,Passport,,35,45,mm,,,,,,White,,,,,
BRA,Brazil,Americas,,Passport,,50,70,mm,,,,,,White,,,,,
ARG,Argentina,Americas,,Passport,,40,40,mm,,,,,,White,,,,,
CHL,Chile,Americas,,Passport,,35,45,mm,,,,,,White,,,,,
COL,Colombia,Americas,,Passport,,30,40,mm,,,,,,"White, Blue",,,,,
PER,Peru,Americas,,Passport,,35,45,mm,,,,,,White,,,,,
IND,India,Asia & Pacific,yes,Passport,,35,45,mm,70,80,,,,White,,,,Passport Seva asks for 4.5 x 3.5cm prints. The face should fill roughly 70–80% of the frame.,
IND-OCI,India,Asia & Pacific,,OCI card,OCI,51,51,mm,60,70,,,,White,,,,"Square 2x2in format, same as the US.",
IND-EVISA,India,Asia & Pacific,,e-Visa (upload),,600,600,px,60,70,,,,White,10,1024,yes,"For indianvisaonline.gov.in: a square JPEG, at least 350px, between 10KB and 1MB.",
IND-PAN,India,Asia & Pacific,,PAN card,,35,45,mm,69,77,7,,,White,,,,For a paper application. Online forms want the square upload instead.,
IND-PANUP,India,Asia & Pacific,,PAN card (upload),PAN,213,213,px,66,74,7,,,White,,30,yes,"213x213px, under 30KB, for NSDL and UTIITSL online applications.",
IND-DL,India,Asia & Pacific,,Driving licence (upload),,420,525,px,71,79,7,,,White,,20,yes,"420x525px, under 20KB, for Parivahan Sarathi.",
CHN,China,Asia & Pacific,yes,Passport & visa,,33,48,mm,58,69,,,,White,,,,,
CHN-ONLINE,China,Asia & Pacific,,Passport (online),,354,472,px,71,79,5,,,White,,80,yes,354x472px for the online application at ppt.mfa.gov.cn.,
JPN,Japan,Asia & Pacific,,Passport,,35,45,mm,71,80,,,,"White, Light grey",,,,Chin to crown must be 34mm ±2mm.,
AUS,Australia,Asia & Pacific,yes,Passport,,35,45,mm,71,80,,,,"White, Light grey",,,,The face must measure 32–36mm chin to crown.,
AUS-VISA,Australia,Asia & Pacific,,Visa,,35,45,mm,71,80,11,,,"White, Light grey",,,,The face must measure 32–36mm chin to crown.,
NZL,New Zealand,Asia & Pacific,,Passport,,35,45,mm,71,80,,,,"Light grey, Cream",,,,,
KOR,South Korea,Asia & Pacific,,Passport,,35,45,mm,,,,,,White,,,,,
SGP,Singapore,Asia & Pacific,,Passport,,35,45,mm,,,,,,White,,,,,
MYS,Malaysia,Asia & Pacific,,Passport,,35,50,mm,,,,,,White,,,,,
IDN,Indonesia,Asia & Pacific,,Passport,,40,60,mm,,,,,,"White, Red",,,,,
THA,Thailand,Asia & Pacific,,Passport,,35,45,mm,,,,,,"White, Light blue",,,,,
VNM,Vietnam,Asia & Pacific,,Passport,,40,60,mm,,,,,,White,,,,,
PHL,Philippines,Asia & Pacific,,Passport,,35,45,mm,,,,,,White,,,,,
PAK,Pakistan,Asia & Pacific,,Passport,,35,45,mm,,,,,,White,,,,,
BGD,Bangladesh,Asia & Pacific,,Passport,,45,55,mm,,,,,,White,,,,,
LKA,Sri Lanka,Asia & Pacific,,Passport,,35,45,mm,,,,,,White,,,,,
NPL,Nepal,Asia & Pacific,,Passport,,35,45,mm,,,,,,White,,,,,
TWN,Taiwan,Asia & Pacific,,Passport,,35,45,mm,,,,,,White,,,,,
HKG,Hong Kong,Asia & Pacific,,Passport,,40,50,mm,,,,,,White,,,,,
SCHENGEN,Schengen area,Europe,yes,Visa,EU,35,45,mm,64,76,,,,"Light grey, Cream",,,,The shared standard for Schengen visas and most EU passports.,
GBR,United Kingdom,Europe,yes,Passport,,35,45,mm,64,76,,,,"Light grey, Cream",,,,Chin to crown must be 29–34mm. The same print is used for UK visas and driving licences.,
GBR-ONLINE,United Kingdom,Europe,,Passport (online),,900,1200,px,50,60,15,,,"Light grey, Cream",50,10240,yes,At least 600x750px and 50KB–10MB. Leave space around the head: the Passport Office crops it.,
DEU,Germany,Europe,,Passport,,35,45,mm,71,80,,,,"Light grey, White",,,,The face must measure 32–36mm chin to crown.,
DEU-ID,Germany,Europe,,ID card (Personalausweis),,35,45,mm,71,80,7,,,"Light grey, White",,,,Same biometric rules as the passport: 32–36mm chin to crown.,
FRA,France,Europe,,Passport,,35,45,mm,64,76,,,,Light grey,,,,,
ITA,Italy,Europe,,Passport,,35,45,mm,64,76,,,,Light grey,,,,,
ESP,Spain,Europe,,Passport,,26,32,mm,,,,,,White,,,,Spain uses an unusually small 26x32mm photo.,
NLD,Netherlands,Europe,,Passport,,35,45,mm,64,76,,,,Light grey,,,,,
POL,Poland,Europe,,Passport,,35,45,mm,64,76,,,,"White, Light grey",,,,,
PRT,Portugal,Europe,,Passport,,35,45,mm,64,76,,,,Light grey,,,,,
IRL,Ireland,Europe,,Passport,,35,45,mm,64,76,,,,"Light grey, Cream",,,,,
CHE,Switzerland,Europe,,Passport,,35,45,mm,64,76,,,,Light grey,,,,,
SWE,Sweden,Europe,,Passport,,35,45,mm,64,76,,,,Light grey,,,,,
GRC,Greece,Europe,,Passport,,40,60,mm,,,,,,White,,,,,
RUS,Russia,Europe,,Passport,,35,45,mm,,,,,,"White, Light grey",,,,,
UKR,Ukraine,Europe,,Passport,,35,45,mm,,,,,,White,,,,,
TUR,Türkiye,Europe,,Passport,,50,60,mm,,,,,,White,,,,,
ARE,United Arab Emirates,Middle East,,Visa,,43,55,mm,,,,,,White,,,,,
SAU,Saudi Arabia,Middle East,,Visa,,40,60,mm,,,,,,White,,,,,
ISR,Israel,Middle East,,Passport,,35,45,mm,,,,,,White,,,,,
ZAF,South Africa,Africa,,Passport,,35,45,mm,,,,,,White,,,,,
NGA,Nigeria,Africa,,Passport,,35,45,mm,,,,,,White,,,,,
KEN,Kenya,Africa,,Passport,,35,45,mm,,,,,,White,,,,,
GHA,Ghana,Africa,,Passport,,35,45,mm,,,,,,White,,,,,
EGY,Egypt,Africa,,Passport,,40,60,mm,,,,,,White,,,,,
ETH,Ethiopia,Africa,,Passport,,35,45,mm,,,,,,White,,,,,
MAR,Morocco,Africa,,Passport,,35,45,mm,,,,,,White,,,,,
